-8.4,['2014 Elliot Williams']
-8.3,['2014 Dennis Schroder']
-8.1,['2014 Byron Mullens']
-7.5,['2015 Brandon Rush']
-7.0,"['2015 Gary Harris', '2015 Anthony Bennett']"
-6.9,['2015 Zach LaVine']
-6.8,['2014 Marquis Teague']
-6.6,['2017 Mario Hezonja']
-6.5,['2015 Archie Goodwin']
-6.3,"['2015 Martell Webster', '2016 Archie Goodwin']"
-6.2,"['2015 Adreian Payne', ""2015 Johnny O'Bryant III""]"
-6.1,"['2014 Tony Wroten', '2018 Emmanuel Mudiay']"
-5.9,"['2015 Perry Jones', '2016 Terrence Jones', '2018 Semi Ojeleye']"
-5.8,"['2014 John Henson', '2015 Joe Harris', '2015 Ben Gordon', '2016 Rashad Vaughn']"
-5.7,"['2014 Michael Beasley', '2014 Archie Goodwin', '2017 Jahlil Okafor']"
-5.6,"['2014 Tony Snell', '2014 Shannon Brown', '2018 Malik Monk']"
-5.5,"['2014 Ben McLemore', '2015 Derrick Williams', '2016 Shabazz Muhammad', '2017 Semaj Christon', '2018 Patrick McCaw']"
-5.4,"['2014 Marreese Speights', '2018 Paul Zipser', '2018 Abdel Nader']"
-5.3,"['2014 Meyers Leonard', '2015 Andrea Bargnani', '2015 Doug McDermott', '2016 Jahlil Okafor', '2016 Nick Young', '2016 Terry Rozier', '2017 Brandon Knight', '2018 Jameer Nelson']"
-5.2,"['2014 Anthony Bennett', '2017 Trey Burke']"
-5.1,"['2014 D.J. White', '2014 Maurice Harkless', '2014 Sergey Karasev', '2014 Will Barton', ""2016 Johnny O'Bryant III""]"
-5.0,"['2014 Jimmer Fredette', '2015 Tyler Ennis', '2017 Marcus Thornton', '2018 Bismack Biyombo']"
-4.9,"['2014 Shabazz Muhammad', '2014 Anthony Randolph', '2015 Cleanthony Early', '2015 Landry Fields', '2016 Bojan Bogdanovic', '2016 Marco Belinelli', '2017 D.J. Augustin']"
-4.8,"['2015 Jason Smith', '2015 Lance Stephenson', '2016 Nik Stauskas', '2016 Markel Brown']"
-4.7,"['2015 Nate Robinson', '2015 Luke Ridnour', '2016 Ty Lawson', '2016 Mo Williams', '2017 Brandon Ingram', '2017 Patrick McCaw', '2017 Jerami Grant']"
-4.6,"['2014 Nemanja Nedovic', '2014 Enes Kanter', '2014 MarShon Brooks', '2015 Joffrey Lauvergne', '2015 Nick Johnson', '2016 Devin Booker']"
-4.5,"['2014 John Jenkins', '2014 Jeremy Tyler', '2016 Thomas Robinson', '2016 Adreian Payne', '2017 Ben McLemore', '2017 Cameron Payne', '2017 Doug McDermott']"
-4.4,"['2014 Mike Muscala', '2014 Wesley Johnson', '2014 Mike Scott', '2014 Andrea Bargnani', '2015 Jordan Hill', '2015 Randy Foye', '2015 Ray McCallum', '2016 Shabazz Napier', '2018 Tyler Dorsey', '2018 Ben McLemore', '2018 Jerryd Bayless']"
-4.3,"['2014 Greg Oden', '2014 Jan Vesely', '2014 Isaiah Canaan', '2014 Kendrick Perkins', '2015 DeJuan Blair', '2015 Shane Larkin', '2015 Danny Granger', '2015 P.J. Hairston', '2015 Nik Stauskas', '2015 Jabari Parker', '2016 Derrick Rose', '2016 P.J. Hairston', '2016 Julius Randle', '2017 Arron Afflalo', '2017 Tyler Ulis', '2017 Rashad Vaughn', ""2018 De'Aaron Fox"", '2018 Arron Afflalo', '2018 Terrance Ferguson']"
-4.2,"[""2014 E'Twaun Moore"", '2014 Arnett Moultrie', '2015 Raymond Felton', '2015 Tony Wroten', '2015 Kirk Hinrich', '2017 Andrew Nicholson', '2017 Joe Harris', '2017 Kay Felder', '2018 Isaiah Thomas', '2018 Davon Reed', '2018 Rodney Hood']"
-4.1,"['2015 Bojan Bogdanovic', '2015 Andrew Nicholson', '2016 Wayne Ellington', '2016 Greivis Vasquez', '2017 Isaiah Canaan', '2017 Jordan McRae', '2017 Randy Foye', '2018 T.J. Leaf', '2018 Shabazz Muhammad']"
-4.0,"['2014 Brandon Jennings', '2014 Luke Ridnour', '2014 Bismack Biyombo', '2015 Kevin Seraphin', '2015 Matt Bonner', '2015 D.J. Augustin', '2015 Willie Green', '2015 Dahntay Jones', '2015 Austin Rivers', '2016 Isaiah Canaan', '2017 Kevin Seraphin', '2017 Jordan Clarkson', '2018 Kay Felder']"
-3.9,"['2014 D.J. Augustin', '2014 Thomas Robinson', '2014 Peyton Siva', '2014 Aaron Gray', '2014 Doron Lamb', '2015 Kendrick Perkins', '2016 Steve Blake', '2016 James Anderson', '2017 Bojan Bogdanovic', '2017 Darrun Hilliard', '2017 Emmanuel Mudiay', '2017 Justise Winslow', '2017 Brandon Rush', '2017 Dragan Bender', '2017 Justin Anderson', '2017 Derrick Williams', '2017 Gerald Henderson', '2018 Josh Jackson']"
-3.8,"['2014 Andrew Nicholson', '2015 Steve Novak', '2015 Spencer Dinwiddie', '2015 Carl Landry', '2015 Erick Green', '2015 Robbie Hummel', '2015 James Young', '2015 Chris Kaman', '2016 Emmanuel Mudiay', '2016 Bobby Portis', '2017 Shabazz Muhammad', '2017 Chandler Parsons', '2017 Marquese Chriss', '2018 Tristan Thompson', '2018 Miles Plumlee']"
-3.7,"['2014 Cory Joseph', '2014 JaVale McGee', '2015 Jason Maxiell', '2015 Dennis Schroder', ""2016 D'Angelo Russell"", '2016 Doug McDermott', '2016 Zach LaVine', '2016 Anthony Brown', '2018 Dragan Bender', '2018 Norman Powell', '2018 Wesley Iwundu', '2018 Zach Collins', '2018 Quincy Pondexter', '2018 Dwayne Bacon']"
-3.6,"['2014 Steven Adams', '2015 Jeff Green', '2015 Markel Brown', '2015 Jarrett Jack', '2016 Norris Cole', '2016 Tyus Jones', '2016 Austin Rivers', '2016 Jerian Grant', '2017 Paul Zipser', '2018 Derrick Rose', '2018 Malachi Richardson', '2018 Zhou Qi']"
-3.5,"['2014 Ognjen Kuzmic', '2014 Gorgui Dieng', '2015 Luke Babbitt', '2015 James Jones', '2015 Chase Budinger', '2015 Dion Waiters', '2015 Furkan Aldemir', '2017 Lavoy Allen', '2017 Reggie Jackson', '2018 Thon Maker', '2018 Jason Smith']"
-3.4,"['2014 Chris Singleton', '2016 Myles Turner', '2016 Jameer Nelson', '2016 Brandon Rush', '2017 Jaylen Brown', '2017 Cheick Diallo', '2017 Alec Burks', '2017 Pascal Siakam', '2018 Corey Brewer', '2018 Jahlil Okafor', '2018 Aaron Brooks']"
-3.3,"['2014 Jordan Hill', '2014 Trevor Booker', '2014 Nando De Colo', '2015 Kyle Anderson', '2015 Cole Aldrich', '2015 Jerome Jordan', '2015 Jodie Meeks', '2015 JaVale McGee', '2015 Allen Crabbe', '2015 Kostas Papanikolaou', '2016 Tyler Ennis', '2016 Pat Connaughton', '2017 Aaron Brooks', '2017 Ivica Zubac', '2017 Jeff Green', '2018 Zach LaVine', '2018 Josh Huestis', '2018 Lance Stephenson']"
-3.2,"['2014 Marco Belinelli', '2014 Arron Afflalo', '2014 Brandon Knight', '2014 Jarrett Jack', '2014 Alex Len', '2015 A.J. Price', '2015 Rajon Rondo', '2016 James Young', '2016 Mario Hezonja', '2016 Gerald Henderson', '2016 Derrick Williams', '2016 Jabari Parker', '2016 Arron Afflalo', '2017 Donatas Motiejunas', '2017 Buddy Hield', '2018 Skal Labissiere', '2018 Malik Beasley']"
-3.1,"['2014 Travis Outlaw', '2014 Norris Cole', '2014 Keith Bogans', '2014 Kevin Seraphin', '2014 Aaron Brooks', '2015 Norris Cole', '2015 Marco Belinelli', '2015 Bruno Caboclo', '2015 Marcus Thornton', '2016 Noah Vonleh', '2016 Trey Burke', '2016 Jordan Hamilton', '2016 Dante Cunningham', '2017 Jarell Martin', '2017 Boris Diaw', '2017 Deyonta Davis', '2017 Isaiah Whitehead', '2018 Brandon Jennings', '2018 Justin Jackson', '2018 Gorgui Dieng', '2018 Dion Waiters', '2018 Furkan Korkmaz', '2018 Jawun Evans', '2018 Evan Turner']"
-3.0,"['2014 Tyreke Evans', '2014 Jordan Farmar', '2014 Jordan Hamilton', '2014 Michael Carter-Williams', '2014 Bernard James', '2014 Mason Plumlee', '2015 Jon Leuer', '2015 Alec Burks', '2015 Charlie Villanueva', '2015 Chris Douglas-Roberts', '2015 Gerald Green', '2017 Monta Ellis', '2017 Noah Vonleh', '2017 Spencer Hawes', '2017 Ed Davis', '2017 Norris Cole', '2017 Kris Dunn', '2017 Zach LaVine', '2017 Leandro Barbosa', '2017 Jake Layman', '2017 Ramon Sessions', '2018 Jarell Martin', '2018 Tyler Ulis', '2018 Joffrey Lauvergne']"
-2.9,"['2014 Tyler Hansbrough', '2014 O.J. Mayo', '2014 Harrison Barnes', '2014 Eric Gordon', '2015 Jerryd Bayless', '2015 Jameer Nelson', '2015 Arron Afflalo', '2015 Austin Daye', '2016 Shane Larkin', '2016 Roy Hibbert', '2017 Evan Turner', '2017 Josh McRoberts', '2018 Jabari Parker', '2018 Jodie Meeks', '2018 Nik Stauskas', '2018 DeAndre Liggins', '2018 Deyonta Davis']"
-2.8,"['2014 Brandon Rush', '2014 Jerryd Bayless', '2014 Evan Turner', '2015 Greivis Vasquez', '2015 Ramon Sessions', '2015 Noah Vonleh', '2015 Jimmer Fredette', '2015 Isaiah Canaan', '2015 Grant Jerrett', '2015 Anderson Varejao', '2015 John Henson', '2015 Jamaal Franklin', '2015 Jeremy Lamb', '2016 Lance Stephenson', '2017 Kyle Korver', '2017 Jordan Mickey', '2017 Shelvin Mack', '2017 Dejounte Murray', '2017 Sergio Rodriguez', '2017 Georgios Papagiannis', '2017 Dante Exum', '2018 Jake Layman']"
-2.7,"['2014 Jonas Valanciunas', '2014 Mo Williams', '2014 Derrick Williams', '2014 Reggie Bullock', '2014 Jordan Crawford', '2015 Quincy Acy', '2015 Kris Humphries', '2015 Ryan Kelly', ""2015 E'Twaun Moore"", '2015 Trey Burke', '2015 Enes Kanter', '2016 Glenn Robinson III', '2016 Kyle Singler', '2016 Miles Plumlee', '2016 Tyler Zeller', '2016 Stanley Johnson', '2017 Jerryd Bayless', '2017 Trey Lyles', '2017 Shaun Livingston', '2017 Mike Scott', '2017 Gerald Green', '2018 Avery Bradley', '2018 Ivan Rabb', '2018 Demetrius Jackson']"
-2.6,"['2014 Ed Davis', '2014 Gerald Henderson', '2015 Kevin Martin', '2015 Justin Hamilton', '2016 Kendrick Perkins', '2017 Bismack Biyombo', '2017 Nik Stauskas', '2017 Rodney Stuckey', '2017 Quincy Acy', '2017 Georges Niang', '2017 Allen Crabbe', '2017 Brandon Bass', '2018 Jordan Mickey', '2018 Frank Ntilikina', '2018 Georgios Papagiannis']"
-2.5,"['2014 Robert Sacre', '2014 Andris Biedrins', '2014 Austin Rivers', '2014 Shane Larkin', '2015 Jordan Farmar', '2015 Tobias Harris', '2015 Aaron Gordon', '2015 Kyle Singler', '2016 Bruno Caboclo', '2016 Michael Beasley', '2017 Dennis Schroder', '2017 Joffrey Lauvergne', '2018 Solomon Hill', '2018 Henry Ellenson', '2018 Cheick Diallo', '2018 Nick Young', '2018 Tyrone Wallace']"
-2.4,"['2014 Jeff Green', '2014 Charlie Villanueva', '2014 Willie Green', '2015 Brandon Knight', '2015 Jordan Clarkson', '2015 Thomas Robinson', '2015 Nate Wolters', '2015 Ricky Ledo', '2015 Francisco Garcia', '2016 Trey Lyles', '2016 Reggie Bullock', '2016 Allen Crabbe', '2016 Jordan Clarkson', '2017 Cory Joseph', '2017 Kyle Singler', '2017 DeAndre Liggins', '2017 Stanley Johnson', '2017 Malachi Richardson', '2017 Bobby Portis', '2018 Chris McCullough', ""2018 D'Angelo Russell"", '2018 Marquis Teague']"
-2.3,"['2014 Jamaal Franklin', '2014 Jeremy Evans', '2014 Marcus Thornton', '2014 Omri Casspi', '2014 Carl Landry', '2014 Rudy Gobert', '2014 Khris Middleton', '2014 Austin Daye', '2015 Michael Carter-Williams', '2015 Shawne Williams', '2016 Quincy Acy', '2016 Lamar Patterson', '2016 Joffrey Lauvergne', '2016 Sergey Karasev', '2016 Ersan Ilyasova', '2016 Aaron Brooks', '2017 Miles Plumlee', '2017 Diamond Stone', '2017 Tyler Zeller', '2017 Thomas Robinson', '2017 Alex Len', '2017 Raymond Felton', '2017 Omri Casspi', '2017 Michael Beasley', '2017 Michael Gbinije', '2018 Alec Burks', '2018 Juan Hernangomez']"
-2.2,"['2014 Dorell Wright', '2014 Tony Mitchell', '2014 Jon Leuer', '2014 Quincy Acy', '2014 Cody Zeller', '2015 John Jenkins', '2015 Cameron Bairstow', '2015 Reggie Bullock', '2015 Shelvin Mack', '2015 Mike Scott', '2016 Kevon Looney', '2016 Darrun Hilliard', '2016 Kevin Seraphin', '2016 Chris McCullough', '2016 Bradley Beal', '2017 Stephen Zimmerman', '2017 Avery Bradley', '2017 James Young', '2017 James Jones', '2017 Derrick Rose', '2018 Markelle Fultz', '2018 Ramon Sessions', '2018 Bruno Caboclo', '2018 Doug McDermott', '2018 Markel Brown', '2018 Darrun Hilliard']"
-2.1,"['2014 Tristan Thompson', '2014 Francisco Garcia', '2014 Ramon Sessions', '2014 Carrick Felix', '2014 Victor Claver', '2014 James Anderson', '2014 Justin Hamilton', '2015 Michael Beasley', '2016 Jarell Martin', '2016 Damien Inglis', '2016 Branden Dawson', '2016 Josh Smith', '2016 R.J. Hunter', '2016 Luke Babbitt', '2016 Jerryd Bayless', '2016 Charlie Villanueva', '2017 Pat Connaughton', '2017 Denzel Valentine', '2017 Terrence Jones', '2017 Chinanu Onuaku', '2017 Alex Abrines', '2017 Dahntay Jones', '2017 Justin Hamilton', '2017 Demetrius Jackson', '2017 Sasha Vujacic', '2017 R.J. Hunter', '2017 Greivis Vasquez', '2018 Jonathan Isaac', '2018 Robin Lopez', '2018 Elfrid Payton', '2018 Caris LeVert', '2018 Justin Anderson', '2018 Kadeem Allen', '2018 Jae Crowder', ""2018 Johnny O'Bryant III"", '2018 James Young']"
-2.0,"['2014 Joel Freeland', '2014 Tobias Harris', '2014 Jonas Jerebko', '2014 Alexis Ajinca', '2014 Ricky Ledo', '2014 Royce White', '2015 Jordan Hamilton', '2015 Beno Udrih', '2015 Solomon Hill', '2015 Terrence Ross', '2015 Wilson Chandler', '2016 Ben McLemore', '2016 Raul Neto', '2016 Alec Burks', '2016 Brandon Knight', '2017 Skal Labissiere', '2017 Domantas Sabonis', '2017 Anthony Bennett', '2018 Damyean Dotson', '2018 Mario Hezonja', '2018 Chandler Parsons', '2018 Sterling Brown', '2018 Edmond Sumner', '2018 Tony Snell']"
-1.9,"['2014 Xavier Henry', '2014 Brandon Bass', '2014 Ray McCallum', '2014 Spencer Hawes', '2014 DeJuan Blair', '2014 Perry Jones', '2014 Tornike Shengelia', '2015 Russ Smith', '2015 Nikola Vucevic', '2015 Shabazz Muhammad', '2016 Kosta Koufos', '2016 Cleanthony Early', '2016 Kris Humphries', '2016 Jerami Grant', '2016 Dion Waiters', '2016 Ryan Kelly', '2016 Willie Cauley-Stein', '2016 Nikola Pekovic', '2017 Tyler Ennis', '2017 Henry Ellenson', '2017 Dario Saric', '2017 Kris Humphries', '2017 Austin Rivers', '2017 Glenn Robinson III', '2018 Marcus Morris', '2018 Marcus Paige', '2018 Mike Scott', '2018 Harrison Barnes']"
-1.8,"['2014 Miles Plumlee', '2014 Jarvis Varnado', '2014 Quincy Miller', '2015 Jared Cunningham', '2015 Dante Exum', '2015 Maurice Harkless', '2015 Omri Casspi', '2015 Jason Thompson', '2016 JaVale McGee', '2016 D.J. Augustin', '2016 Alex Len', '2016 Jordan Adams', '2016 Mitch McGary', '2016 Omer Asik', '2016 Terrence Ross', '2016 Cameron Payne', '2016 Richaun Holmes', '2017 Anthony Brown', '2017 Jared Sullinger', '2017 Julius Randle', '2017 Rajon Rondo', '2017 Damian Jones', ""2017 E'Twaun Moore"", '2017 Jarrett Jack', '2018 Greg Monroe', '2018 Dante Cunningham', '2018 Jordan Clarkson', '2018 Monte Morris', '2018 Quincy Acy', '2018 Daniel Hamilton', '2018 D.J. Wilson', '2018 Dennis Schroder', '2018 Omer Asik', '2018 Bogdan Bogdanovic', '2018 Shaun Livingston', '2018 Rashad Vaughn']"
-1.7,"['2014 Steve Blake', '2014 Kris Humphries', '2014 Damion James', '2014 Kendall Marshall', '2014 Darren Collison', '2015 Leandro Barbosa', '2015 Ryan Anderson', '2015 Miles Plumlee', '2015 Andrew Wiggins', '2015 Spencer Hawes', '2015 Julius Randle', '2016 John Henson', '2016 Will Barton', '2016 Chase Budinger', '2016 Gerald Green', '2016 Ramon Sessions', '2016 Raymond Felton', '2017 Michael Carter-Williams', ""2017 D'Angelo Russell"", '2017 Pierre Jackson', '2017 Jordan Crawford', '2017 Rakeem Christmas', '2018 Tyler Lydon', '2018 Andrew Harrison', '2018 Jeremy Evans', '2018 Marco Belinelli', '2018 Taurean Prince', '2018 Noah Vonleh', '2018 Jabari Bird', '2018 Sindarius Thornwell', '2018 Tony Allen', '2018 Terrence Ross']"
-1.6,"['2014 Solomon Hill', '2014 James Johnson', '2015 Corey Brewer', '2015 Festus Ezeli', '2015 Devin Harris', '2015 Glen Davis', '2015 Patrick Beverley', '2015 Nick Young', '2015 Quincy Pondexter', '2016 Andrew Goudelock', '2016 Rodney Stuckey', '2016 Evan Turner', '2016 Brandan Wright', '2016 Gary Harris', '2016 Randy Foye', '2016 James Johnson', '2016 Leandro Barbosa', '2016 Devin Harris', '2017 Josh Richardson', '2017 Andrew Harrison', '2017 Lamar Patterson', '2017 Kenneth Faried', '2017 John Henson', '2017 Jodie Meeks', '2017 Andrew Wiggins', ""2017 Johnny O'Bryant III"", '2017 Bruno Caboclo', '2018 Raymond Felton', '2018 Kenneth Faried', '2018 Cameron Payne', '2018 Dante Exum', '2018 Lauri Markkanen', '2018 Brandon Ingram', '2018 Dwyane Wade', '2018 Luke Babbitt', '2018 Damian Jones', '2018 Jarrett Allen', '2018 Michael Kidd-Gilchrist', '2018 Isaiah Whitehead', '2018 Ike Anigbogu', '2018 Andrew Wiggins', '2018 Darrell Arthur', '2018 Marquese Chriss']"
-1.5,"['2014 Allen Crabbe', '2014 Toney Douglas', '2014 Rodney Stuckey', '2014 Leandro Barbosa', '2014 Gerald Green', '2015 Ognjen Kuzmic', '2015 Nerlens Noel', '2015 Xavier Henry', '2015 Jeff Withey', '2015 Clint Capela', '2015 Dwight Powell', '2015 Toney Douglas', '2016 Anderson Varejao', '2016 Jeff Green', '2016 Corey Brewer', '2016 Dahntay Jones', '2016 Kirk Hinrich', '2016 Jodie Meeks', '2017 Tyreke Evans', '2017 Shabazz Napier', '2017 Alexis Ajinca', '2017 Juan Hernangomez', '2017 Jamal Murray', '2017 Malik Beasley', '2018 Michael Beasley', '2018 Sam Dekker', '2018 Pat Connaughton', '2018 Caleb Swanigan', '2018 Kyle Kuzma', '2018 Iman Shumpert', '2018 Gordon Hayward']"
-1.4,"['2014 Kyrie Irving', '2014 Terrence Ross', '2014 Ronny Turiaf', '2014 Terrence Jones', '2014 Wayne Ellington', '2015 Evan Turner', '2015 Channing Frye', '2015 Brandon Bass', '2015 Marreese Speights', '2015 O.J. Mayo', '2015 Joey Dorsey', '2015 Eric Gordon', '2015 Paul George', '2016 Nick Collison', '2016 Michael Carter-Williams', '2016 Jeremy Evans', '2016 Frank Kaminsky', '2017 Sam Dekker', '2017 Robin Lopez', '2017 Chris McCullough', '2017 Al Jefferson', '2018 Luol Deng', '2018 Brice Johnson', '2018 Tony Bradley', '2018 Maurice Harkless', '2018 Tyler Ennis', '2018 Alex Abrines', '2018 Trevor Booker']"
-1.3,"['2014 Randy Foye', '2014 Jeremy Lamb', '2014 Cole Aldrich', '2014 Kelly Olynyk', '2015 Will Barton', '2015 Taj Gibson', '2015 Lucas Nogueira', '2015 Jerami Grant', '2015 Shabazz Napier', '2015 Luc Mbah a Moute', '2016 Brandon Jennings', '2016 Jarrett Jack', '2016 Harrison Barnes', '2016 Jordan Mickey', '2016 Sam Dekker', '2016 Delon Wright', '2017 Jakob Poeltl', '2017 Jeremy Lamb', '2017 Caris LeVert', '2017 Tiago Splitter', '2017 Devin Booker', '2017 Ben Bentil', '2018 Markieff Morris', '2018 Ryan Anderson', '2018 Thomas Bryant', '2018 Courtney Lee', '2018 Joel Bolomboy', '2018 Michael Carter-Williams', '2018 Georges Niang']"
-1.2,"['2014 Hasheem Thabeet', '2014 Ian Mahinmi', '2014 Andre Roberson', '2014 Trey Burke', '2015 Steven Adams', '2015 Ryan Hollins', '2015 Omer Asik', '2015 Mario Chalmers', '2015 Jordan Adams', '2016 Andrew Wiggins', '2016 Nerlens Noel', '2016 Marreese Speights', '2016 James Jones', '2016 Jason Smith', '2017 Willie Cauley-Stein', '2017 Marco Belinelli', '2017 Wilson Chandler', '2017 Brice Johnson', '2017 Norman Powell', '2017 Wesley Johnson', '2017 Dwight Powell', '2017 Taurean Prince', '2017 Meyers Leonard', '2017 Brandon Jennings', '2018 Chinanu Onuaku', '2018 Kyle Singler', '2018 Dillon Brooks', '2018 Kris Dunn', '2018 Guerschon Yabusele', '2018 Tyler Zeller', '2018 Alec Peters']"
-1.1,"['2014 Jeff Teague', '2014 Dante Cunningham', '2014 Lavoy Allen', '2014 Giannis Antetokounmpo', '2015 Ersan Ilyasova', '2015 Trevor Booker', '2015 Ed Davis', '2015 Aaron Brooks', '2015 Glenn Robinson III', '2015 Ronny Turiaf', '2015 Lester Hudson', '2016 Meyers Leonard', '2016 Robert Sacre', '2016 Marcus Thornton', '2016 Alexis Ajinca', '2016 Dwyane Wade', '2016 Donatas Motiejunas', '2017 Nick Collison', '2017 Terry Rozier', '2017 Evan Fournier', '2017 Iman Shumpert', '2017 Jordan Hill', '2017 Joakim Noah', '2017 Thon Maker', '2017 Anderson Varejao', '2017 Josh Huestis', '2017 Will Barton', '2018 Trey Burke', '2018 Cedi Osman', '2018 Alex Len', '2018 Wilson Chandler', ""2018 E'Twaun Moore"", '2018 Justin Patton', '2018 Glenn Robinson III', '2018 Patrick Beverley', '2018 Ante Zizic', '2018 Shane Larkin']"
-1.0,"['2014 Glen Davis', '2014 Nick Young', '2014 Kyle Singler', '2014 Beno Udrih', ""2015 Kyle O'Quinn"", '2015 Robert Sacre', '2015 Marcus Morris', '2015 Bismack Biyombo', '2015 Kemba Walker', '2016 Maurice Harkless', '2016 Evan Fournier', '2016 Tyler Hansbrough', '2016 Justin Anderson', '2017 Kevon Looney', '2017 Tomas Satoransky', '2017 Jonas Jerebko', '2017 Montrezl Harrell', '2017 Omer Asik', '2018 Darius Miller', '2018 Jeff Withey', '2018 Denzel Valentine', '2018 Rajon Rondo', '2018 Austin Rivers', '2018 Stanley Johnson', '2018 Bojan Bogdanovic', '2018 Kosta Koufos']"
-0.9,"['2014 Martell Webster', '2014 Rajon Rondo', '2014 CJ McCollum', '2014 Derrick Favors', '2015 Steve Blake', '2015 Tyrus Thomas', '2015 Al Jefferson', '2015 Evan Fournier', '2015 Courtney Lee', '2015 Ekpe Udoh', '2016 O.J. Mayo', '2016 Norman Powell', '2016 Josh Huestis', '2016 Montrezl Harrell', ""2016 E'Twaun Moore"", '2016 Mike Muscala', '2016 Justise Winslow', '2016 Elfrid Payton', '2017 Tony Snell', '2017 Dwyane Wade', '2017 Courtney Lee', '2017 Jeff Withey', '2017 Joel Bolomboy', '2017 Dante Cunningham', '2018 Josh McRoberts', '2018 Willie Cauley-Stein', '2018 Cole Aldrich', '2018 Devin Booker', '2018 Derrick Williams', '2018 Malcolm Brogdon']"
-0.8,"['2014 Quincy Pondexter', '2014 Luke Babbitt', '2014 Donatas Motiejunas', '2014 Kevin Martin', '2014 Jason Maxiell', '2014 Kentavious Caldwell-Pope', '2015 Jarnell Stokes', '2015 Ian Mahinmi', '2015 Wesley Johnson', '2015 Dante Cunningham', '2016 Rakeem Christmas', '2016 Tony Snell', '2016 Cory Joseph', '2016 Luc Mbah a Moute', '2017 Corey Brewer', '2017 Rodney Hood', '2017 Jabari Parker', '2017 Jon Leuer', '2018 Gerald Green', '2018 Joakim Noah', '2018 Cory Joseph', '2018 Nerlens Noel', '2018 Jarrett Jack', '2018 Carmelo Anthony', '2018 Jerami Grant', '2018 Wesley Johnson', '2018 Al Jefferson', '2018 Rondae Hollis-Jefferson', '2018 Shelvin Mack']"
-0.7,"['2015 Mo Williams', '2015 Alex Len', '2015 Jonas Valanciunas', '2015 Gorgui Dieng', '2016 Jeff Teague', '2016 Shelvin Mack', '2016 Tibor Pleiss', '2016 Darren Collison', '2017 Enes Kanter', '2017 Darrell Arthur', '2017 Derrick Favors', '2017 Ty Lawson', '2018 Mike Conley', '2018 Isaiah Canaan', '2018 Joe Harris', '2018 Emeka Okafor', '2018 Josh Hart', '2018 Jon Leuer', '2018 Bobby Portis', '2018 MarShon Brooks', '2018 Adreian Payne', '2018 Luke Kennard']"
-0.6,"['2014 Victor Oladipo', '2014 Shaun Livingston', '2014 Luc Mbah a Moute', '2014 Tyler Zeller', '2014 Jared Dudley', '2014 Nick Calathes', '2014 Chase Budinger', '2015 Tony Snell', '2015 Brook Lopez', '2015 Quincy Miller', '2015 Victor Claver', '2015 Mason Plumlee', '2016 Markieff Morris', '2016 Sasha Vujacic', '2016 Kyrie Irving', '2017 Kentavious Caldwell-Pope', '2018 Mason Plumlee', '2018 Bam Adebayo', '2018 Jerian Grant']"
-0.5,"['2014 Bradley Beal', '2014 Kirk Hinrich', '2014 Chris Douglas-Roberts', '2015 Josh Smith', '2015 Larry Sanders', '2016 Michael Kidd-Gilchrist', '2016 Lucas Nogueira', '2017 Ryan Kelly', '2017 Richaun Holmes', '2017 Jason Smith', '2017 Brandan Wright', '2017 Spencer Dinwiddie', '2017 Raul Neto', '2018 Patrick Patterson', '2018 John Collins', '2018 Frank Kaminsky', '2018 Allen Crabbe', '2018 Nicolas Batum', '2018 Derrick White', '2018 Ian Mahinmi']"
-0.4,"['2014 Evan Fournier', '2014 Wilson Chandler', '2014 Jason Smith', '2014 Jodie Meeks', '2015 Terrence Jones', '2015 Kendall Marshall', '2015 Shaun Livingston', '2015 Sergey Karasev', '2015 Rodney Hood', '2015 Jae Crowder', '2016 Andrew Nicholson', '2016 David Lee', '2016 Eric Gordon', '2016 Courtney Lee', '2017 Mike Muscala', '2017 Roy Hibbert', '2017 Reggie Bullock', '2017 Rondae Hollis-Jefferson', '2017 Darren Collison', '2018 Meyers Leonard', '2018 Ivica Zubac', '2018 Richaun Holmes', '2018 Wayne Ellington']"
-0.3,"['2014 James Jones', '2014 Marcus Morris', '2014 Shelvin Mack', '2014 Courtney Lee', '2014 Ersan Ilyasova', '2014 Andrew Bynum', '2015 Elliot Williams', '2015 Brandan Wright', '2015 Joel Freeland', '2015 Goran Dragic', '2015 Victor Oladipo', '2015 Dwyane Wade', '2015 Rodney Stuckey', '2015 Avery Bradley', '2016 Thabo Sefolosha', '2016 Larry Nance Jr.', '2016 Jonas Jerebko', '2016 Carl Landry', '2017 Trevor Booker', '2017 Luol Deng', '2017 Beno Udrih', '2017 Delon Wright', '2017 Harrison Barnes', '2017 Willy Hernangomez', '2017 Adreian Payne', '2017 Clint Capela', '2018 JaVale McGee', '2018 Nick Collison', '2018 Danilo Gallinari', '2018 Reggie Jackson', '2018 CJ McCollum']"
-0.2,"['2014 DeMar DeRozan', '2014 Andray Blatche', '2014 Alec Burks', '2015 Meyers Leonard', '2015 Wayne Ellington', '2015 DeMar DeRozan', '2016 Jon Leuer', '2016 Kenneth Faried', '2016 Chris Kaman', '2016 Jordan Hill', '2016 Jusuf Nurkic', '2016 Enes Kanter', '2017 Deron Williams', '2017 Andre Drummond', '2017 Tyus Jones', '2018 Kendrick Perkins', '2018 Buddy Hield', '2018 Trey Lyles', '2018 Domantas Sabonis']"
-0.1,"['2014 Marvin Williams', '2014 Dion Waiters', '2014 Darrell Arthur', '2014 A.J. Price', '2015 David West', '2015 Alexis Ajinca', '2016 Lavoy Allen', '2016 Josh McRoberts', '2016 DeMar DeRozan', ""2016 Kyle O'Quinn"", '2016 Al Jefferson', '2017 Marvin Williams', '2017 Marcin Gortat', ""2017 Kyle O'Quinn"", '2018 Jared Dudley', '2018 Marcin Gortat', '2018 Mario Chalmers', '2018 Cody Zeller', '2018 Enes Kanter', '2018 Reggie Bullock', '2018 Raul Neto']"
0.0,"['2014 Nate Wolters', '2014 Markieff Morris', '2015 Roy Hibbert', '2016 Iman Shumpert', '2016 Sasha Kaun', '2016 Robin Lopez', '2016 Ryan Anderson', '2016 Marcus Smart', '2016 Dwight Howard', '2017 Cole Aldrich', '2017 Tristan Thompson', '2017 Jameer Nelson', '2017 Jonas Valanciunas', '2018 D.J. Augustin', '2018 Evan Fournier', '2018 Danny Green']"
0.1,"['2014 Nate Robinson', '2014 Ekpe Udoh', '2015 Mitch McGary', '2015 Boris Diaw', '2015 Donatas Motiejunas', '2015 David Lee', '2016 Jonas Valanciunas', '2016 Solomon Hill', '2016 Dwight Powell', '2016 Avery Bradley', '2016 Andre Roberson', '2016 Josh Richardson', '2016 Nemanja Bjelica', '2016 DeMarre Carroll', '2016 Boris Diaw', '2016 Bismack Biyombo', '2017 Carmelo Anthony', '2017 Davis Bertans', '2017 Dion Waiters', '2017 Terrence Ross', '2017 Tony Allen', '2017 Kosta Koufos', '2018 Andrew Bogut']"
0.2,"['2014 Chris Kaman', '2014 Kenneth Faried', '2016 Rudy Gay', '2017 DeMar DeRozan', '2018 Taj Gibson', '2018 Jeff Green']"
0.3,"['2014 Zaza Pachulia', '2014 Ryan Hollins', '2015 Patrick Patterson', '2015 Cory Jefferson', '2015 Dorell Wright', '2016 Brandon Bass', '2016 Deron Williams', '2016 Shaun Livingston', '2016 Rajon Rondo', '2017 Elfrid Payton', '2017 Thabo Sefolosha', '2017 Andrew Bogut', '2017 Taj Gibson', '2018 Dario Saric', '2018 Brook Lopez', '2018 Rudy Gay', '2018 Justise Winslow', '2018 Dakari Johnson', '2018 Devin Harris', '2018 Jamal Murray', '2018 Omri Casspi']"
0.4,"['2014 Darius Miller', '2015 Rudy Gay', '2015 Nicolas Batum', '2015 Gerald Henderson', '2015 Marvin Williams', '2015 DeMarre Carroll', '2017 Solomon Hill', '2018 Mike Muscala', '2018 Myles Turner', '2018 Willy Hernangomez', '2018 Jakob Poeltl', '2018 Shabazz Napier', '2018 Goran Dragic']"
0.5,"['2014 Andre Drummond', '2014 Nicolas Batum', '2015 Robin Lopez', '2016 Rondae Hollis-Jefferson', '2016 Chandler Parsons', '2017 Gary Harris', '2017 Marcus Morris', '2017 Michael Kidd-Gilchrist', '2017 Kelly Olynyk', '2017 Aaron Gordon', '2017 Frank Kaminsky', '2018 Jonas Jerebko', '2018 Brandan Wright', '2018 Derrick Favors', '2018 Hassan Whiteside', '2018 George Hill']"
0.6,"['2014 Thabo Sefolosha', '2014 Josh McRoberts', '2014 Gordon Hayward', '2015 Tyler Zeller', '2015 Harrison Barnes', '2015 Nikola Pekovic', '2016 Tobias Harris', '2016 Trevor Ariza', '2016 Aaron Gordon', '2016 Kyle Anderson', '2016 Monta Ellis', '2016 Dennis Schroder', '2016 Joakim Noah', '2017 Luke Babbitt', '2017 Jusuf Nurkic', '2017 Serge Ibaka', '2018 Channing Frye', '2018 Dwight Howard', '2018 John Henson', '2018 OG Anunoby', '2018 DeAndre Jordan', '2018 Julius Randle', '2018 Kentavious Caldwell-Pope']"
0.7,"['2014 Nikola Vucevic', '2014 Robbie Hummel', '2015 Kosta Koufos', '2015 Andre Drummond', '2015 Chris Bosh', '2015 Hassan Whiteside', '2016 Spencer Hawes', '2016 Greg Monroe', '2016 Darrell Arthur', '2017 Devin Harris', '2017 Nick Young', '2017 Wayne Ellington', '2018 Aaron Gordon', '2018 Montrezl Harrell', '2018 Serge Ibaka', '2018 Will Barton', '2018 Jeff Teague']"
0.8,"['2014 DeMarcus Cousins', '2015 Mike Muscala', '2016 Karl-Anthony Towns', '2016 Nikola Vucevic', '2016 Tony Allen', '2016 Thaddeus Young', '2017 Thaddeus Young', '2017 Luc Mbah a Moute', '2017 DeMarre Carroll', '2017 Nikola Vucevic', '2017 Marcus Smart', '2018 Kawhi Leonard']"
0.9,"['2014 Trevor Ariza', '2014 Ryan Kelly', '2014 Jeff Withey', '2014 Raymond Felton', ""2014 Kyle O'Quinn"", '2014 Jameer Nelson', '2014 Landry Fields', '2015 Ben McLemore', '2015 Derrick Rose', '2015 Cory Joseph', '2015 Josh McRoberts', '2015 Jeremy Evans', '2015 Giannis Antetokounmpo', '2015 Tristan Thompson', '2016 Serge Ibaka', '2016 Wesley Johnson', '2017 Nicolas Batum', '2017 JaVale McGee', '2017 Mason Plumlee', '2017 Dwight Howard', '2017 Ian Mahinmi', '2017 Tobias Harris', '2017 Goran Dragic', '2017 Larry Nance Jr.', '2017 Maurice Harkless', '2018 Ersan Ilyasova', '2018 Luc Mbah a Moute']"
1.0,"['2014 Lance Stephenson', '2014 Kosta Koufos', '2016 Jeremy Lamb', '2016 Omri Casspi', '2016 George Hill', '2017 Eric Gordon', '2017 Channing Frye', '2017 LaMarcus Aldridge', '2018 Ed Davis', '2018 Jonas Valanciunas', '2018 Jeremy Lamb', '2018 Josh Richardson', '2018 Nemanja Bjelica', '2018 Marcus Smart']"
1.1,"['2014 Josh Harrellson', '2014 Al-Farouq Aminu', '2014 Corey Brewer', '2015 Joakim Noah', '2016 Tyreke Evans', '2016 Taj Gibson', '2016 Marc Gasol', '2016 Giannis Antetokounmpo', '2017 CJ McCollum', '2017 David Lee', '2018 Thaddeus Young', '2018 Marreese Speights', '2018 Lonzo Ball']"
1.2,"['2014 Brandan Wright', '2014 Greivis Vasquez', '2014 David Lee', '2014 Ryan Anderson', '2015 Brandon Jennings', '2015 Thaddeus Young', '2015 Reggie Jackson', '2016 Isaiah Thomas', '2016 Nicolas Batum', '2016 Tiago Splitter', '2016 Rodney Hood', '2016 Matt Bonner', '2017 Andre Roberson', '2017 Jared Dudley', '2017 Nerlens Noel', '2017 Nemanja Bjelica', '2018 Bradley Beal', '2018 John Wall', '2018 Tobias Harris', '2018 Terry Rozier']"
1.3,"['2014 Michael Kidd-Gilchrist', '2014 Jared Sullinger', '2015 Nick Collison', '2015 Kentavious Caldwell-Pope', '2016 Damian Lillard', '2016 Jeff Withey', '2016 Mike Scott', '2017 Kyle Anderson', '2017 Al-Farouq Aminu', '2017 Danny Green', '2018 Kevon Looney', '2018 Thabo Sefolosha']"
1.4,"['2014 Josh Smith', '2014 Iman Shumpert', '2014 Anthony Davis', '2014 Monta Ellis', '2015 Andre Iguodala', '2015 Isaiah Thomas', '2015 CJ McCollum', '2016 Reggie Jackson', '2016 Hassan Whiteside', '2016 Tristan Thompson', '2016 Marcus Morris', '2016 Festus Ezeli', '2016 Kentavious Caldwell-Pope', '2017 Steven Adams', '2017 Malcolm Brogdon', '2017 Khris Middleton', '2017 Marreese Speights', '2018 Andre Iguodala', '2018 Steven Adams', '2018 Andre Drummond', '2018 Khris Middleton', '2018 Jaylen Brown', '2018 James Johnson']"
1.5,"['2014 Patrick Patterson', '2014 Rudy Gay', '2014 Al Horford', '2017 Ryan Anderson', '2018 Pascal Siakam', '2018 Zaza Pachulia', '2018 Paul Millsap', '2018 Marvin Williams']"
1.6,"['2014 Kemba Walker', '2015 Ty Lawson', '2015 Trevor Ariza', '2016 Jrue Holiday', '2016 Trevor Booker', '2016 Nikola Mirotic', '2016 Zaza Pachulia', '2017 Jeff Teague', '2017 Jerian Grant', '2017 Kristaps Porzingis', '2017 Greg Monroe', '2018 Davis Bertans', '2018 Marc Gasol', '2018 DeMarre Carroll', '2018 Delon Wright']"
1.7,"['2014 Reggie Jackson', '2014 Thaddeus Young', '2014 Devin Harris', '2015 Jared Sullinger', '2016 Danilo Gallinari', '2016 Kyle Korver', '2016 Derrick Favors', '2016 Al-Farouq Aminu', '2016 Eric Bledsoe', '2016 Andre Iguodala', '2017 Ersan Ilyasova', '2017 Eric Bledsoe', '2017 Joel Embiid', '2017 Victor Oladipo', '2018 Lucas Nogueira', '2018 DeMar DeRozan', '2018 Dejounte Murray', '2018 Trevor Ariza']"
1.8,"['2014 Greg Monroe', '2014 Mario Chalmers', '2014 Steve Novak', '2014 Larry Sanders', '2014 Roy Hibbert', '2014 Derrick Rose', '2014 Jason Thompson', '2015 Darrell Arthur', '2015 Amir Johnson', '2015 Darren Collison', '2016 Klay Thompson', '2016 Marcin Gortat', '2017 Isaiah Thomas', '2017 Jrue Holiday', '2017 Al Horford', '2017 Rudy Gay', '2018 Jusuf Nurkic', '2018 Andre Roberson', '2018 Klay Thompson', '2018 Amir Johnson']"
1.9,"['2014 Dwyane Wade', '2014 Boris Diaw', '2014 Danny Granger', '2014 Jae Crowder', '2015 Monta Ellis', '2015 Deron Williams', '2015 Jeff Teague', '2015 Nick Calathes', '2016 Anthony Davis', '2016 Jared Dudley', '2016 Cody Zeller', '2016 Luol Deng', '2017 Trevor Ariza', '2017 Brook Lopez', '2017 Markieff Morris', '2018 Tomas Satoransky', '2018 Gary Harris', ""2018 Kyle O'Quinn""]"
2.0,"['2014 Klay Thompson', '2014 Chandler Parsons', '2014 Avery Bradley', '2015 Lavoy Allen', '2015 James Johnson', '2015 Rudy Gobert', '2015 Andre Roberson', '2015 Danilo Gallinari', '2015 Dwight Howard', '2016 Patrick Patterson', '2016 Ian Mahinmi', '2017 Kyrie Irving', '2017 Hassan Whiteside', '2018 Al-Farouq Aminu', '2018 Eric Gordon']"
2.1,"['2014 Al Jefferson', '2014 Jimmy Butler', '2014 Paul Millsap', '2014 Andrew Bogut', '2015 Al Horford', '2015 Kenneth Faried', '2015 Mike Conley', '2015 Elfrid Payton', '2016 LaMarcus Aldridge', '2016 Blake Griffin', '2016 Clint Capela', '2016 Goran Dragic', '2016 Chris Bosh', '2017 Karl-Anthony Towns', '2017 David West', '2018 Clint Capela', '2018 Donovan Mitchell', '2018 Blake Griffin']"
2.2,"['2014 Isaiah Thomas', '2014 John Wall', '2014 Brook Lopez', '2015 Marcus Smart', '2015 Iman Shumpert', '2016 Carmelo Anthony', '2016 CJ McCollum', '2016 David West', '2017 Bradley Beal', '2017 Nikola Mirotic', '2018 Nikola Vucevic', '2018 Darren Collison']"
2.3,"['2014 Tony Allen', '2015 Jusuf Nurkic', '2016 Rudy Gobert', '2017 Klay Thompson', '2017 Patrick Patterson', '2017 John Wall', '2018 Ekpe Udoh']"
2.4,"['2014 Robin Lopez', '2014 Jrue Holiday', '2015 Jared Dudley', '2016 Patrick Beverley', '2016 Steven Adams', '2016 Mason Plumlee', '2017 James Johnson', '2018 Spencer Dinwiddie', '2018 Kyrie Irving', '2018 Dwight Powell', '2018 Ricky Rubio', '2018 David West']"
2.5,"['2014 George Hill', '2015 Marcin Gortat', '2015 Chandler Parsons', '2015 Bradley Beal', '2015 Tyler Hansbrough', '2016 Kristaps Porzingis', '2017 Ricky Rubio', '2017 Patrick Beverley', '2018 Eric Bledsoe']"
2.6,"['2015 Greg Monroe', '2015 Jonas Jerebko', '2015 Thabo Sefolosha', '2016 Brook Lopez', '2016 Ed Davis', '2016 Victor Oladipo', '2016 Kemba Walker', '2016 Gorgui Dieng', '2017 Paul George', '2017 Marc Gasol', '2018 Kristaps Porzingis', '2018 Larry Nance Jr.']"
2.7,"['2014 Paul George', '2015 Ricky Rubio', '2015 Kevin Love', '2015 Al-Farouq Aminu', '2016 John Wall', '2016 Marvin Williams', '2017 Gorgui Dieng', '2017 Myles Turner', '2017 Lucas Nogueira', '2017 Kemba Walker', '2018 Kyle Korver']"
2.8,"['2014 Omer Asik', '2014 Matt Bonner', '2014 Carmelo Anthony', '2014 Damian Lillard', '2015 Carmelo Anthony', '2015 Michael Kidd-Gilchrist', '2016 Jared Sullinger', '2016 Kelly Olynyk', '2018 Jordan Bell']"
2.9,"['2016 Mike Conley', '2016 Gordon Hayward', '2017 Danilo Gallinari', '2017 Zaza Pachulia', '2018 Jayson Tatum', '2018 Ben Simmons', '2018 Paul George']"
3.0,"['2014 Kawhi Leonard', '2014 Luol Deng', '2016 Al Horford', '2016 Amir Johnson', '2016 Jae Crowder', '2016 Andre Drummond']"
3.1,"['2014 James Harden', '2015 Tyreke Evans', '2017 Gordon Hayward', '2017 Damian Lillard', '2018 LaMarcus Aldridge', '2018 Nikola Mirotic', '2018 Kyle Anderson']"
3.2,"['2014 Deron Williams', '2014 DeMarre Carroll', '2014 Chris Bosh', '2015 Jrue Holiday', '2015 Andrew Bogut', '2016 Andrew Bogut', '2016 Danny Green']"
3.3,"['2014 Ty Lawson', '2014 Kyle Korver', '2015 Tiago Splitter', '2018 Kelly Olynyk']"
3.4,"['2014 Goran Dragic', '2015 Derrick Favors', '2015 Luol Deng', '2015 Markieff Morris', '2015 Kyrie Irving', '2015 Blake Griffin', '2017 Cody Zeller', '2018 Kevin Love']"
3.5,"['2014 Tiago Splitter', '2014 Nikola Pekovic', '2014 Danny Green', '2014 Draymond Green', '2015 Kelly Olynyk', '2015 Eric Bledsoe', '2015 Nikola Mirotic', '2015 Serge Ibaka', '2017 Andre Iguodala', '2018 Tyreke Evans']"
3.6,"['2014 Marc Gasol', '2014 David West', '2014 DeAndre Jordan', '2015 Marc Gasol', '2015 Klay Thompson', '2018 Kevin Durant']"
3.7,"['2016 Cole Aldrich', '2016 Channing Frye', '2018 DeMarcus Cousins', '2018 Jrue Holiday']"
3.8,"['2015 George Hill', '2015 Kyle Lowry', '2015 Damian Lillard', '2016 Khris Middleton', '2017 Amir Johnson', '2017 George Hill', '2017 Blake Griffin', '2018 Kemba Walker', '2018 Rudy Gobert']"
3.9,"['2014 Ricky Rubio', '2017 Jae Crowder', '2018 Al Horford']"
4.0,"['2016 Jimmy Butler', '2018 Draymond Green']"
4.1,"['2014 Eric Bledsoe', '2014 Marcin Gortat', '2014 Anderson Varejao', '2015 LaMarcus Aldridge', '2016 Ricky Rubio']"
4.2,"['2014 Kyle Lowry', '2014 Taj Gibson', '2014 Dwight Howard', '2015 Kevin Durant', '2017 DeMarcus Cousins', '2017 Giannis Antetokounmpo', '2018 Giannis Antetokounmpo', '2018 Karl-Anthony Towns']"
4.3,"['2014 Patrick Beverley', '2015 Cody Zeller', '2015 Jimmy Butler', '2015 John Wall', '2017 Anthony Davis']"
4.4,"['2016 DeAndre Jordan', '2016 James Harden']"
4.5,"['2014 Serge Ibaka', '2015 Gordon Hayward', '2015 DeAndre Jordan', '2017 DeAndre Jordan', '2017 Mike Conley']"
4.6,"['2014 Joakim Noah', '2014 Amir Johnson', '2017 Paul Millsap']"
4.7,"['2014 Blake Griffin', '2014 Mike Conley']"
4.8,"['2015 Tony Allen', '2015 Zaza Pachulia', '2016 DeMarcus Cousins', '2017 James Harden', '2018 Tyus Jones']"
4.9,"['2016 Paul George', '2018 Damian Lillard']"
5.0,"['2014 Russell Westbrook', '2017 Kevin Love', '2018 LeBron James']"
5.1,"['2014 Channing Frye', '2014 LaMarcus Aldridge', '2014 Kevin Love', '2015 Paul Millsap', '2018 Joel Embiid']"
5.2,"['2016 Paul Millsap', '2018 Kyle Lowry', '2018 Russell Westbrook']"
5.3,['2016 Kevin Love']
5.4,"['2015 Kyle Korver', '2015 Danny Green']"
5.5,['2018 Anthony Davis']
5.7,"['2014 Nick Collison', '2017 Kevin Durant']"
5.9,"['2017 Kyle Lowry', '2018 Victor Oladipo']"
6.0,"['2016 Nikola Jokic', '2018 Nikola Jokic']"
6.1,"['2015 DeMarcus Cousins', '2015 Khris Middleton']"
6.2,['2014 Stephen Curry']
6.3,['2017 Russell Westbrook']
6.4,"['2014 Kevin Durant', '2017 Rudy Gobert', '2018 Jimmy Butler']"
6.5,['2016 Kevin Durant']
6.6,"['2014 Andre Iguodala', '2017 Jimmy Butler']"
6.7,"['2017 Nikola Jokic', '2018 Stephen Curry', '2018 James Harden']"
6.8,"['2015 Draymond Green', '2016 Kyle Lowry']"
6.9,['2015 Chris Paul']
7.0,['2018 Chris Paul']
7.1,"['2015 Russell Westbrook', '2017 Kawhi Leonard', '2017 Draymond Green']"
7.4,['2017 Stephen Curry']
7.6,['2015 Kawhi Leonard']
7.8,['2016 Russell Westbrook']
7.9,['2017 Chris Paul']
8.0,['2014 Chris Paul']
8.1,['2016 Kawhi Leonard']
8.2,['2015 Anthony Davis']
8.4,['2017 LeBron James']
8.5,"['2015 James Harden', '2016 Stephen Curry']"
8.6,['2016 Chris Paul']
8.8,['2015 LeBron James']
9.0,['2016 Draymond Green']
9.1,['2014 LeBron James']
9.3,['2015 Stephen Curry']
9.8,['2016 LeBron James']
